{"stats":{"minecraft:dropped":{"minecraft:iron_block":3,"minecraft:redstone_lamp":1,"minecraft:lever":4,"minecraft:repeater":4,"minecraft:wooden_axe":1,"minecraft:sticky_piston":1,"minecraft:barrier":1,"minecraft:glass":1,"minecraft:command_block":2,"minecraft:oak_sign":2,"minecraft:elytra":1,"minecraft:redstone_block":1,"minecraft:redstone":8},"minecraft:used":{"minecraft:redstone_torch":261,"minecraft:glass":249,"minecraft:sticky_piston":55,"refurbished_furniture:red_trampoline":10,"minecraft:lever":182,"minecraft:writable_book":1,"minecraft:firework_rocket":558,"minecraft:command_block":5,"minecraft:iron_block":4456,"minecraft:redstone":2606,"minecraft:elytra":1,"minecraft:stone_button":1,"minecraft:oak_sign":13,"minecraft:chest":1,"minecraft:redstone_block":16,"refurbished_furniture:spruce_chair":3,"minecraft:redstone_lamp":83,"minecraft:repeater":328,"minecraft:anvil":1,"minecraft:comparator":38,"minecraft:written_book":12,"refurbished_furniture:white_sofa":11,"refurbished_furniture:oak_table":4,"refurbished_furniture:oak_chair":1},"minecraft:picked_up":{"minecraft:repeater":2,"minecraft:redstone":16,"minecraft:oak_sign":1,"minecraft:lever":2,"minecraft:iron_block":1},"minecraft:custom":{"minecraft:time_since_rest":1790427,"minecraft:sprint_one_cm":15136,"minecraft:damage_taken":2230,"minecraft:walk_one_cm":166695,"minecraft:interact_with_anvil":7,"minecraft:drop":30,"minecraft:fly_one_cm":4882954,"minecraft:open_chest":19,"minecraft:crouch_one_cm":2944,"minecraft:play_time":2291889,"minecraft:deaths":10,"minecraft:sneak_time":99971,"minecraft:aviate_one_cm":1121583,"minecraft:jump":260,"minecraft:leave_game":38,"minecraft:time_since_death":1790404,"minecraft:total_world_time":2671153,"minecraft:fall_one_cm":2183}},"DataVersion":3955}