{"stats":{"minecraft:picked_up":{"minecraft:redstone":1,"minecraft:lever":1},"minecraft:used":{"minecraft:redstone_torch":499,"minecraft:glass":1135,"minecraft:lever":125,"minecraft:sea_lantern":3,"minecraft:command_block":1,"minecraft:red_wool":939,"minecraft:iron_block":291,"minecraft:redstone":2023,"minecraft:lime_wool":372,"minecraft:oak_planks":69,"minecraft:stone_button":28,"minecraft:oak_sign":26,"minecraft:redstone_block":253,"minecraft:light_gray_wool":1632,"minecraft:white_wool":239,"minecraft:repeater":417,"minecraft:redstone_lamp":324,"minecraft:comparator":41,"minecraft:light_blue_wool":1689,"minecraft:gold_block":18,"minecraft:note_block":31,"minecraft:gray_wool":132,"minecraft:observer":166,"minecraft:waxed_copper_bulb":49,"minecraft:obsidian":294},"minecraft:custom":{"minecraft:time_since_rest":1774183,"minecraft:sprint_one_cm":6595,"minecraft:walk_one_cm":59791,"minecraft:drop":18,"minecraft:tune_noteblock":628,"minecraft:fly_one_cm":6996367,"minecraft:crouch_one_cm":2119,"minecraft:play_time":1774183,"minecraft:sneak_time":73333,"minecraft:jump":271,"minecraft:leave_game":23,"minecraft:time_since_death":1774183,"minecraft:total_world_time":1809484},"minecraft:dropped":{"minecraft:gold_block":1,"minecraft:note_block":1,"minecraft:lever":2,"minecraft:stone_button":1,"minecraft:repeater":2,"minecraft:light_blue_wool":2,"minecraft:wooden_axe":1,"minecraft:lime_wool":1,"minecraft:redstone_torch":1,"minecraft:light_gray_wool":1,"minecraft:redstone_block":2,"minecraft:redstone":3}},"DataVersion":4189}