{"stats":{"minecraft:dropped":{"minecraft:iron_block":4,"minecraft:redstone_lamp":1,"minecraft:lever":12,"minecraft:repeater":3,"minecraft:light_blue_wool":1,"minecraft:wooden_axe":1,"refurbished_furniture:white_sofa":2,"minecraft:redstone_torch":2,"minecraft:light_gray_wool":1,"minecraft:comparator":2,"minecraft:orange_wool":2,"minecraft:black_wool":2,"minecraft:redstone":6},"minecraft:picked_up":{"minecraft:wooden_axe":1,"refurbished_furniture:white_sofa":1,"minecraft:orange_wool":1,"minecraft:lever":7,"minecraft:comparator":1,"minecraft:iron_block":1,"minecraft:redstone_torch":1},"minecraft:used":{"minecraft:redstone_torch":452,"minecraft:sticky_piston":119,"minecraft:glass":537,"minecraft:lever":207,"minecraft:writable_book":4,"minecraft:black_wool":59,"minecraft:command_block":2,"minecraft:red_wool":729,"minecraft:iron_block":123,"minecraft:redstone":3907,"minecraft:lime_wool":512,"minecraft:oak_sign":37,"minecraft:redstone_block":20,"minecraft:yellow_wool":699,"minecraft:light_gray_wool":1315,"minecraft:repeater":469,"minecraft:redstone_lamp":214,"minecraft:comparator":62,"refurbished_furniture:white_sofa":43,"minecraft:light_blue_wool":5,"minecraft:orange_wool":2868,"minecraft:observer":784},"minecraft:custom":{"minecraft:time_since_rest":17151160,"minecraft:sprint_one_cm":276234,"minecraft:walk_one_cm":333072,"minecraft:drop":39,"minecraft:fly_one_cm":5290322,"minecraft:crouch_one_cm":13530,"minecraft:play_time":24702001,"minecraft:deaths":1,"minecraft:sneak_time":369697,"minecraft:jump":2088,"minecraft:leave_game":30,"minecraft:time_since_death":17150492,"minecraft:total_world_time":42474716}},"DataVersion":3955}