{"stats":{"minecraft:picked_up":{"minecraft:lime_wool":1,"minecraft:repeater":1,"minecraft:redstone_lamp":1,"minecraft:lever":1,"minecraft:iron_block":1,"minecraft:stone_button":1,"minecraft:redstone":1},"minecraft:custom":{"minecraft:time_since_rest":2172637,"minecraft:crouch_one_cm":2086,"minecraft:play_time":2172637,"minecraft:sprint_one_cm":154650,"minecraft:walk_one_cm":293295,"minecraft:sneak_time":29469,"minecraft:drop":10,"minecraft:jump":2035,"minecraft:leave_game":21,"minecraft:time_since_death":2172637,"minecraft:total_world_time":2299441,"minecraft:tune_noteblock":579,"minecraft:fly_one_cm":3193346},"minecraft:used":{"minecraft:glass":242,"minecraft:redstone_torch":428,"minecraft:light_gray_wool":658,"minecraft:lever":191,"minecraft:repeater":523,"minecraft:redstone_lamp":58,"minecraft:comparator":4,"minecraft:red_wool":850,"minecraft:iron_block":762,"minecraft:stripped_oak_wood":100,"minecraft:redstone":1309,"minecraft:lime_wool":2456,"minecraft:stone_button":33,"minecraft:oak_sign":3,"minecraft:gold_block":63,"minecraft:note_block":44,"minecraft:redstone_block":22},"minecraft:dropped":{"minecraft:redstone_torch":1,"minecraft:iron_block":1,"minecraft:redstone_lamp":1,"minecraft:lever":1,"minecraft:stone_button":1,"minecraft:repeater":1,"minecraft:lime_wool":2,"minecraft:redstone":2}},"DataVersion":3955}