{
  "stats": {
    "minecraft:custom": {
      "minecraft:time_since_rest": 1792670,
      "minecraft:walk_one_cm": 167550,
      "minecraft:leave_game": 44,
      "minecraft:damage_taken": 2230,
      "minecraft:play_time": 2294132,
      "minecraft:jump": 262,
      "minecraft:time_since_death": 1792647,
      "minecraft:aviate_one_cm": 1121583,
      "minecraft:drop": 30,
      "minecraft:sprint_one_cm": 15149,
      "minecraft:open_chest": 25,
      "minecraft:fall_one_cm": 2183,
      "minecraft:total_world_time": 2674340,
      "minecraft:fly_one_cm": 4923735,
      "minecraft:interact_with_anvil": 7,
      "minecraft:crouch_one_cm": 2944,
      "minecraft:sneak_time": 100089,
      "minecraft:deaths": 10
    },
    "minecraft:used": {
      "minecraft:repeater": 328,
      "minecraft:lever": 182,
      "minecraft:redstone_block": 16,
      "minecraft:stone_button": 1,
      "minecraft:redstone": 2606,
      "minecraft:iron_block": 4456,
      "minecraft:firework_rocket": 558,
      "minecraft:comparator": 38,
      "minecraft:redstone_lamp": 83,
      "minecraft:elytra": 1,
      "minecraft:sticky_piston": 55,
      "minecraft:writable_book": 1,
      "minecraft:oak_sign": 13,
      "minecraft:glass": 249,
      "minecraft:redstone_torch": 261,
      "minecraft:chest": 1,
      "minecraft:anvil": 1,
      "minecraft:command_block": 5,
      "minecraft:written_book": 14
    },
    "minecraft:picked_up": {
      "minecraft:oak_sign": 1,
      "minecraft:iron_block": 1,
      "minecraft:lever": 2,
      "minecraft:redstone": 16,
      "minecraft:repeater": 2
    },
    "minecraft:dropped": {
      "minecraft:redstone_block": 1,
      "minecraft:barrier": 1,
      "minecraft:redstone": 8,
      "minecraft:repeater": 4,
      "minecraft:iron_block": 3,
      "minecraft:oak_sign": 2,
      "minecraft:glass": 1,
      "minecraft:sticky_piston": 1,
      "minecraft:command_block": 2,
      "minecraft:wooden_axe": 1,
      "minecraft:elytra": 1,
      "minecraft:redstone_lamp": 1,
      "minecraft:lever": 4
    }
  },
  "DataVersion": 4671
}