{
  "stats": {
    "minecraft:custom": {
      "minecraft:time_since_rest": 2881519,
      "minecraft:walk_one_cm": 167131,
      "minecraft:leave_game": 22,
      "minecraft:damage_taken": 160,
      "minecraft:play_time": 2881519,
      "minecraft:jump": 3387,
      "minecraft:time_since_death": 2881519,
      "minecraft:drop": 4,
      "minecraft:sprint_one_cm": 186271,
      "minecraft:open_chest": 4,
      "minecraft:total_world_time": 9639772,
      "minecraft:fly_one_cm": 4517674,
      "minecraft:crouch_one_cm": 2864,
      "minecraft:sneak_time": 110930
    },
    "minecraft:used": {
      "minecraft:red_wool": 196,
      "minecraft:repeater": 415,
      "minecraft:lever": 42,
      "minecraft:redstone_block": 69,
      "minecraft:stone_button": 21,
      "minecraft:redstone": 2018,
      "minecraft:iron_block": 726,
      "minecraft:gray_wool": 867,
      "minecraft:waxed_copper_bulb": 3,
      "minecraft:comparator": 28,
      "minecraft:redstone_lamp": 324,
      "minecraft:writable_book": 2,
      "minecraft:oak_sign": 15,
      "minecraft:glass": 57,
      "minecraft:redstone_torch": 280,
      "minecraft:chest": 5,
      "minecraft:orange_wool": 1191,
      "minecraft:lime_wool": 367,
      "minecraft:yellow_wool": 604,
      "minecraft:written_book": 2
    },
    "minecraft:dropped": {
      "minecraft:redstone_torch": 1,
      "minecraft:stone_button": 1,
      "minecraft:waxed_copper_bulb": 1,
      "minecraft:oak_sign": 1
    }
  },
  "DataVersion": 4671
}